variant_id,chromosome,position,reference_allele,alternate_allele
rs828589,chrY,997498,A,G
rs516777,chr4,387568,A,T
rs451033,chr12,568027,A,C
rs147423,chr14,526242,A,A
rs128693,chr4,742850,C,A
rs872620,chr14,316822,A,G
rs701200,chrY,880633,G,C
rs754042,chr9,417008,A,G
rs638671,chr11,69946,T,A
rs968998,chr2,53940,T,G
rs839131,chr18,495316,C,G
rs242694,chr1,322852,A,G
rs227692,chr6,596,T,A
rs111518,chr6,420672,T,C
rs940066,chr2,248894,A,C
rs397622,chr9,149280,C,T
rs481551,chrX,147660,C,A
rs589243,chrX,365150,C,C
rs129236,chr1,376859,T,T
rs187141,chr21,31824,G,G
rs329027,chr20,771886,T,C
rs818384,chr7,80927,T,C
rs241052,chr18,829344,T,G
rs340967,chr10,478083,T,A
rs500582,chr7,80309,T,T
rs793445,chr21,352626,C,A
rs942630,chr5,745843,C,G
rs200810,chr7,589050,T,T
rs843058,chr15,890950,G,G
rs112663,chr10,319432,A,C
rs498810,chr20,409234,T,C
rs270458,chr16,934,G,T
rs495478,chr15,978216,C,A
rs215414,chr17,597600,G,T
rs510071,chrY,446703,G,G
rs730803,chr6,605152,C,C
rs697297,chr1,357400,T,T
rs925337,chr18,232558,C,A
rs684040,chrY,755309,A,G
rs990024,chr3,246728,T,A
rs839345,chr20,15393,G,T
rs616580,chr22,265492,T,A
rs539844,chr9,35815,A,C
rs338011,chr4,831877,G,A
rs570493,chr20,483411,A,G
rs952274,chr19,909174,T,C
rs676947,chr7,471027,T,T
rs137729,chr19,675605,A,T
rs992945,chr10,549896,A,C
